CREATE TABLE NATION(
	CODE					INT(5) PRIMARY KEY auto_increment,
	NATION         VARCHAR(28)  NOT NULL,
	CAPITAL					VARCHAR(20),
	AREA					INT(22),
	POPULATION				INT(22));


INSERT INTO NATION VALUES(65,'Honduras','Tegucigalpa',43277,4276000);
INSERT INTO NATION VALUES(55,'East Germany','East Berlin',41825,1.7E+07);
INSERT INTO NATION VALUES(56,'WestGermany','Bonn',96011,6.1E+07);
INSERT INTO NATION VALUES(57,'Ghana','Accra',92098,1.3E+07);
INSERT INTO NATION VALUES(58,'Greece','Athens',50962,9898000);
INSERT INTO NATION VALUES(59,'Grenada','St. Georges',133,111000);
INSERT INTO NATION VALUES(60,'Guatemala','Guatemala City',42042,7714000);
INSERT INTO NATION VALUES(61,'Guinea','Conakry',94925,5430000);
INSERT INTO NATION VALUES(62,'Guinea-Bissau','Bissau',13948,827000);
INSERT INTO NATION VALUES(63,'Guyana','Georgetown',83000,833000);
INSERT INTO NATION VALUES(64,'Haiti','Port-au-Prince',10714,5690000);
INSERT INTO NATION VALUES(76,'Jamaica','Kingston',4244,2347000);
INSERT INTO NATION VALUES(66,'Hungary','Budapest',35919,1.1E+07);
INSERT INTO NATION VALUES(67,'Iceland','Reykiavik',39769,236000);
INSERT INTO NATION VALUES(68,'India','New Delhi',1269420,7.3E+08);
INSERT INTO NATION VALUES(69,'Indohesia','Jakarta',741101,1.7E+08);
INSERT INTO NATION VALUES(70,'Iran','Teheran',636363,4.2E+07);
INSERT INTO NATION VALUES(71,'Iraq','Baghdad',168928,1.5E+07);
INSERT INTO NATION VALUES(72,'lreland','Dublin',27137,3534000);
INSERT INTO NATION VALUES(73,'Israel','Jerusalem',8219,3958000);
INSERT INTO NATION VALUES(74,'ltaly','Rome',116303,5.7E+07);
INSERT INTO NATION VALUES(75,'Ivory Coast','Abidjan',124503,8890000);
INSERT INTO NATION VALUES(5,'Angola','Luanda',481353,7770000);
INSERT INTO NATION VALUES(77,'Japan','Tokyo',147470,1.2E+08);
INSERT INTO NATION VALUES(78,'Jordan','Amman',37297,25880009);
INSERT INTO NATION VALUES(79,'Kenya','Nairobi',224081,1.9E+07);
INSERT INTO NATION VALUES(80,'Kiribati','Tarawa',266,60000);
INSERT INTO NATION VALUES(81,'North Korea','Pyongyang',47077,1.9E+07);
INSERT INTO NATION VALUES(82,'South Korea','Seoul',38211,4.1E+07);
INSERT INTO NATION VALUES(1,'Afghanistan','Kabul',251773,1.4E+07);
INSERT INTO NATION VALUES(2,'Albania','Tirana',11100284,6000);
INSERT INTO NATION VALUES(3,'Algeria','Algiers',918497,2.1E+07);
INSERT INTO NATION VALUES(4,'Andorra','Andorra la Vella',188,42000);
INSERT INTO NATION VALUES(16,'Benin','Porto-Novo',43475,3792000);
INSERT INTO NATION VALUES(6,'Antigua and Barbuda','St. John s',171,80000);
INSERT INTO NATION VALUES(7,'Argentina','Buenos Aires',1065189,3.0E+08);
INSERT INTO NATION VALUES(8,'Australia','Canberra',2966200,1.5E+07);
INSERT INTO NATION VALUES(9,'Austria','Vienna',32374,7574000);
INSERT INTO NATION VALUES(10,'The Bahamas','Nassau',5380,223000);
INSERT INTO NATION VALUES(11,'Bahrain','Manama',258,393000);
INSERT INTO NATION VALUES(12,'Bangladesh','Dacca',55598,9.7E+07);
INSERT INTO NATION VALUES(13,'Barbados','Bridgetown',166,251000);
INSERT INTO NATION VALUES(14,'Belgium','Brussels',11779,9865000);
INSERT INTO NATION VALUES(15,'Belize','Belmopan',8867,154000);
INSERT INTO NATION VALUES(27,'Canada','Ottawa',3849670,2.5E+07);
INSERT INTO NATION VALUES(17,'Bhutan','Thimphu',17800,1386000);
INSERT INTO NATION VALUES(18,'Bolivia','Sucre',424165,5883000);
INSERT INTO NATION VALUES(19,'Botswana','Gaborone',231804,1001000);
INSERT INTO NATION VALUES(20,'Brazil','Brasilia',3286470,1.3E+08);
INSERT INTO NATION VALUES(21,'Brune','Bandar Sen Begawan',2226,209000);
INSERT INTO NATION VALUES(22,'Bulgaria','Sofia',44365,8944000);
INSERT INTO NATION VALUES(23,'Burma','Rangoon',261288,3.5E+07);
INSERT INTO NATION VALUES(24,'Burundi','Bujumbura',10759,4561000);
INSERT INTO NATION VALUES(25,'Cambodia','Phnom Penh',69900,5996000);
INSERT INTO NATION VALUES(26,'Cameroon','Yaounde',179558,9251000);
INSERT INTO NATION VALUES(38,'Cuba','Havana',44218,9889000);
INSERT INTO NATION VALUES(28,'CapeVerde','Praia',1557,297000);
INSERT INTO NATION VALUES(29,'Central African','Bangui',240324,2512000);
INSERT INTO NATION VALUES(30,'Chad','N Djamena',495755,4990000);
INSERT INTO NATION VALUES(31,'Chile','Santiago',292135,1.1E+07);
INSERT INTO NATION VALUES(32,'China','Peking',3691521,1.0E+09);
INSERT INTO NATION VALUES(33,'China (Taiwan)','Taipei',13814,1.9E+07);
INSERT INTO NATION VALUES(34,'Columbia','Bogota',440831,2.8E+07);
INSERT INTO NATION VALUES(35,'Comoros','Moroni',838,442000);
INSERT INTO NATION VALUES(36,'Congo','Brazzaville',132046,1694000);
INSERT INTO NATION VALUES(37,'Costa Rica','San Jose',19653,2624000);
INSERT INTO NATION VALUES(49,'Ethiopia','Addis Ababa',472400,3.1E+07);
INSERT INTO NATION VALUES(39,'Cyprus','Nicosia',3572,653000);
INSERT INTO NATION VALUES(40,'Czechoslovakia','Prague',49365,1.5E+07);
INSERT INTO NATION VALUES(41,'Denmark','Copenhagen',16633,5115000);
INSERT INTO NATION VALUES(42,'Djibouti','Djibouti',8996,316000);
INSERT INTO NATION VALUES(43,'Dominica','Roseau',290,74000);
INSERT INTO NATION VALUES(44,'Dominican Republic','Santo Domingo',18704,6248000);
INSERT INTO NATION VALUES(45,'Ecuador','Quito',108624,8811000);
INSERT INTO NATION VALUES(46,'Egypt','Cairo',385201,4.6E+07);
INSERT INTO NATION VALUES(47,'El Salvador','San Salvador',8124,4685000);
INSERT INTO NATION VALUES(48,'Equatorial Guinea','Malabo',10832,268000);
INSERT INTO NATION VALUES(161,'Venezuela','Caracas',352143,1.8E+07);
INSERT INTO NATION VALUES(50,'Fiji','Suva',7056,676000);
INSERT INTO NATION VALUES(51,'Finland','Helsinki',130119,4850000);
INSERT INTO NATION VALUES(52,'France','Paris',210040,5.5E+07);
INSERT INTO NATION VALUES(53,'Gabon','Libreville',102317,921000);
INSERT INTO NATION VALUES(54,'The Gambia','Banjul',4361,700000);
INSERT INTO NATION VALUES(156,'United Kingdom','London',94222,5.6E+07);
INSERT INTO NATION VALUES(157,'United States of America','Washington, D.C.',3623420,2.3E+08);
INSERT INTO NATION VALUES(158,'UpperVolta','Ouagadougou',105869,6569000);
INSERT INTO NATION VALUES(159,'Uruguay','Montevideo',68037,2916000);
INSERT INTO NATION VALUES(160,'Vanuatu','Vila',4707,127000);
INSERT INTO NATION VALUES(85,'Lebanon','Beirut',3950,2598000);
INSERT INTO NATION VALUES(162,'Vietnam','Hanoi',127207,5.8E+07);
INSERT INTO NATION VALUES(183,'Western Samoa','Apia',1133,160000);
INSERT INTO NATION VALUES(164,'NorthYemen','Sanaa',77200,5744000);
INSERT INTO NATION VALUES(165,'SouthYemen','Aden',130541,2086000);
INSERT INTO NATION VALUES(166,'Yugoslavia','Belgrade',98766,2.3E+07);
INSERT INTO NATION VALUES(167,'Zaire','Kinshasa',905063,3.1E+07);
INSERT INTO NATION VALUES(168,'Zambia','Lusaka',290586,6346000);
INSERT INTO NATION VALUES(169,'Zimbabwe','Harare',150873,8077000);
INSERT INTO NATION VALUES(83,'Kuwait','Kuwait',6532,1652000);
INSERT INTO NATION VALUES(84,'Laos','Vientiane',91428,3647000);
INSERT INTO NATION VALUES(96,'Malta','Valletta',122,358000);
INSERT INTO NATION VALUES(86,'Lesotho','Maseru',11716,1438000);
INSERT INTO NATION VALUES(87,'Liberia','Monrovia',38250,2091000);
INSERT INTO NATION VALUES(88,'Libya','Tripoli',679536,3498000);
INSERT INTO NATION VALUES(89,'Liechtenstein','Vaduz',62,26000);
INSERT INTO NATION VALUES(90,'Luxembourg','Luxembourg',1034,366000);
INSERT INTO NATION VALUES(91,'Madagascar','Antananarivo',226658,9389000);
INSERT INTO NATION VALUES(92,'Malawi','Lilongwe',45747,6612000);
INSERT INTO NATION VALUES(93,'Malaysia','Kuala Lumpur',127316,1.5E+07);
INSERT INTO NATION VALUES(94,'Maldives','Male',115,168000);
INSERT INTO NATION VALUES(95,'Mali','Bamako',478841,7393000);
INSERT INTO NATION VALUES(107,'New Zealand','Wellington',103883,3203000);
INSERT INTO NATION VALUES(97,'Mauritania','Nouakchott',398000,1591000);
INSERT INTO NATION VALUES(98,'Mauritius','Port Louis',787,1002000);
INSERT INTO NATION VALUES(99,'Mexico','Mexico City',761604,7.6E+07);
INSERT INTO NATION VALUES(100,'Monaco','Monaco-Ville',1,28000);
INSERT INTO NATION VALUES(101,'Mongolia','Ulaanbaatar',604247,1809000);
INSERT INTO NATION VALUES(102,'Morocco','Rabat',171117,2.3E+07);
INSERT INTO NATION VALUES(103,'Mozambique','Maputo',303769,1.3E+07);
INSERT INTO NATION VALUES(104,'Nauru','Yaren',8,8000);
INSERT INTO NATION VALUES(105,'Nepal','Kathmandu',56136,1.6E+07);
INSERT INTO NATION VALUES(106,'Netherlands','Amsterdam',16464,1.4E+07);
INSERT INTO NATION VALUES(118,'Philippines','Quezon City',115831,5.4E+07);
INSERT INTO NATION VALUES(108,'Nicaragua','Managua',57000,2812000);
INSERT INTO NATION VALUES(109,'Niger','Niamey',490100,6083000);
INSERT INTO NATION VALUES(110,'Nigeria','Lagos',356700,8.5E+07);
INSERT INTO NATION VALUES(111,'Nonvay','Oslo',125057,4131000);
INSERT INTO NATION VALUES(112,'Oman','Muscat',115800,978000);
INSERT INTO NATION VALUES(113,'Pakistan','Islamabad',307374,9.4E+07);
INSERT INTO NATION VALUES(114,'Panama','Panama',29762,2058000);
INSERT INTO NATION VALUES(115,'Papua New','Guinea',178704,3259000);
INSERT INTO NATION VALUES(116,'Paraguay','Asuncion',157047,3526000);
INSERT INTO NATION VALUES(117,'Peru','Lima',496222,1.9E+07);
INSERT INTO NATION VALUES(129,'Saudi Arabia','Riyadh',830000,1.0E+07);
INSERT INTO NATION VALUES(119,'Poland','Warsaw',120727,3.7E+07);
INSERT INTO NATION VALUES(120,'Portugal','Lisbon',36390,1000800);
INSERT INTO NATION VALUES(121,'Qatar','Doha',4247,267000);
INSERT INTO NATION VALUES(122,'Romania','Bucharest',91699,2.3E+07);
INSERT INTO NATION VALUES(123,'Rwanda','Kigali',10169,5644000);
INSERT INTO NATION VALUES(124,'St. Kitts and Nevis','Basseterre',101,44500);
INSERT INTO NATION VALUES(125,'Saint Lucia','Castries',238,119000);
INSERT INTO NATION VALUES(126,'St.Vincent and Grenadines','Kingstown',150,134000);
INSERT INTO NATION VALUES(127,'San Marino','San Marino',24,22000);
INSERT INTO NATION VALUES(128,'Sao Tome and Principe','Sao Tome',372,88000);
INSERT INTO NATION VALUES(140,'Suriname','Paramaribo',63037,363000);
INSERT INTO NATION VALUES(130,'Senegal','Dakar',75995,6335000);
INSERT INTO NATION VALUES(131,'Seychelles','Victoria',171,65000);
INSERT INTO NATION VALUES(132,'Sierra Leone','Freetown',27699,3705000);
INSERT INTO NATION VALUES(133,'Singapore','Singapore',239,2501000);
INSERT INTO NATION VALUES(134,'Solomon lslands','Honiara',10640,254000);
INSERT INTO NATION VALUES(135,'Somalia','Mogadishu',246300,6248000);
INSERT INTO NATION VALUES(136,'South Africa','CapeTown',435868,3.1E+07);
INSERT INTO NATION VALUES(137,'Spain','Madrid',195988,3.8E+07);
INSERT INTO NATION VALUES(138,'Sri Lanka','Colombo',25332,1.5E+07);
INSERT INTO NATION VALUES(139,'Sudan','Khartoum',966757,2.1E+07);
INSERT INTO NATION VALUES(151,'Turkey','Ankara',300948,4.9E+07);
INSERT INTO NATION VALUES(141,'Swaziland','Mbabane',6704,632000);
INSERT INTO NATION VALUES(142,'Sweden','Stockholm',179896,8331000);
INSERT INTO NATION VALUES(143,'Switzerland','Bern',15941,6463000);
INSERT INTO NATION VALUES(144,'Syria','Damascus',71498,9700000);
INSERT INTO NATION VALUES(145,'Tanzania','Dar-es-Salaam',364886,2.1E+07);
INSERT INTO NATION VALUES(146,'Thailand','Bangkok',198500,5.1E+07);
INSERT INTO NATION VALUES(147,'Togo','Lome',21853,2838000);
INSERT INTO NATION VALUES(148,'Tongo','Nuku alofa',270,104000);
INSERT INTO NATION VALUES(149,'Trinidad and Tobago','Port-of-Spain',1970,1149000);
INSERT INTO NATION VALUES(150,'Tunisia','Tunis',63378,7020000);
INSERT INTO NATION VALUES(152,'Tuvalu','Funafuti',10,8000);
INSERT INTO NATION VALUES(153,'Uganda','Kampala',91104,1.4E+07);
INSERT INTO NATION VALUES(154,'U.S.S.R.','Moscow',8649490,2.7E+08);
INSERT INTO NATION VALUES(155,'United Arab Emirates','Abu Dhabi',320001,374000);



CREATE TABLE INVENTION(
	INVENTION			VARCHAR(30),
	INVENTOR			VARCHAR(30),
	YEAR				INT(4),
	NATION_CODE			INT(5),
	CONSTRAINT INVENTION_INVENTION_PK PRIMARY KEY(INVENTION),
        CONSTRAINT INVENTION_NATION_CODE_FK FOREIGN KEY(NATION_CODE)
	REFERENCES NATION(CODE));


INSERT INTO INVENTION VALUES('Elevator Brake','Otis',1852,157);
INSERT INTO INVENTION VALUES('Engine, Automobile','Benz',1879,56);
INSERT INTO INVENTION VALUES('Engine, Coal-Gas 4-Cycle','Otto',1877,56);
INSERT INTO INVENTION VALUES('Engine, Electric Ignition','Benz',1880,56);
INSERT INTO INVENTION VALUES('Engine, Gasoline','Daimer',1886,56);
INSERT INTO INVENTION VALUES('Engine, Steam, Piston','Newcomen',1705,156);
INSERT INTO INVENTION VALUES('Engine-Steam, Piston','Watt',1769,156);
INSERT INTO INVENTION VALUES('Gas Lighting','Murdoch',1792,156);
INSERT INTO INVENTION VALUES('Gasoline, High Octane','lpatieff',1930,154);
INSERT INTO INVENTION VALUES('GeigerCounter','Geiger',1913,56);
INSERT INTO INVENTION VALUES('Glass,Laminated Safety','Benedictus',1909,52);
INSERT INTO INVENTION VALUES('Glider','Cayley',1853,156);
INSERT INTO INVENTION VALUES('Gyroscope','Foucault',1852,52);
INSERT INTO INVENTION VALUES('Harvester-Thresher','Matteson',1888,157);
INSERT INTO INVENTION VALUES('Helicopter','Sikorsky',1939,157);
INSERT INTO INVENTION VALUES('lc~Making Machine','Gorrie',1851,157);
INSERT INTO INVENTION VALUES('Kaleidoscope','Brewster',1817,156);
INSERT INTO INVENTION VALUES('Lamp, Arc','Brush',1879,157);
INSERT INTO INVENTION VALUES('Lamp, lncandescent','Edison',1879,157);
INSERT INTO INVENTION VALUES('Lamp, Mercury Vapor','Hewitt',1912,157);
INSERT INTO INVENTION VALUES('Lamp, Neon','Claude',1915,52);
INSERT INTO INVENTION VALUES('Lathe, Turret','Fitch',1845,157);
INSERT INTO INVENTION VALUES('Lightning Rod','Franklin',1752,157);
INSERT INTO INVENTION VALUES('Lock, Cylinder','Yale',1865,157);
INSERT INTO INVENTION VALUES('Locomotive Practical','Stephenson',1829,156);
INSERT INTO INVENTION VALUES('Loom, Power','Carlwright',1785,156);
INSERT INTO INVENTION VALUES('Machine Gun','Gatling',1861,157);
INSERT INTO INVENTION VALUES('Mason Jar','Mason',1858,157);
INSERT INTO INVENTION VALUES('Match, Friction','John Walker',1827,156);
INSERT INTO INVENTION VALUES('Metronome','Malzel',1816,9);
INSERT INTO INVENTION VALUES('Micrometer','Gascoigne',1636,156);
INSERT INTO INVENTION VALUES('Microphone','Berliner',1877,157);

INSERT INTO INVENTION VALUES('Microscope, Compound','Janssen',1590,106);

INSERT INTO INVENTION VALUES('Motorcycle','Daimer',1885,56);
INSERT INTO INVENTION VALUES('Movie, Talking','Warner Bros',1927,157);
INSERT INTO INVENTION VALUES('Lawn Mower','Hills',1868,157);
INSERT INTO INVENTION VALUES('Neoprene','Carothers',1930,157);
INSERT INTO INVENTION VALUES('tiParachute','Blanchard',1785,52);
INSERT INTO INVENTION VALUES('Pen, Ballpoint','Loud',1888,157);
INSERT INTO INVENTION VALUES('Pen, Fountain','Waterman',1884,157);
INSERT INTO INVENTION VALUES('Pendulum','Galileo',1581,74);
INSERT INTO INVENTION VALUES('Phonograph','Edison',1877,157);
INSERT INTO INVENTION VALUES('Photo, Color','Ives',1892,157);
INSERT INTO INVENTION VALUES('Photo Film, Transparent','Eastman  Goodwin',1878,157);
INSERT INTO INVENTION VALUES('Adding Machine','Pascal',1642,52);
INSERT INTO INVENTION VALUES('Addressograph','Duncan',1892,157);
INSERT INTO INVENTION VALUES('Aerosol Spray','Goodhue',1941,157);
INSERT INTO INVENTION VALUES('Air Brake','Westinghouse',1868,157);
INSERT INTO INVENTION VALUES('IIIAir Conditioning','Carrier',1911,157);
INSERT INTO INVENTION VALUES('Air Pump','Guericke',1650,56);
INSERT INTO INVENTION VALUES('Airplane Jet Engine','Ohain',1939,56);
INSERT INTO INVENTION VALUES('Airplane with Motor','Wright bros',1903,157);
INSERT INTO INVENTION VALUES('Airship, Rigid Dirigible','Zeppelin',1900,56);
INSERT INTO INVENTION VALUES('Automobile, Electric','Morrison',1892,157);
INSERT INTO INVENTION VALUES('Automobile, Gasoline','Daimler',1887,56);
INSERT INTO INVENTION VALUES('Automobile, Steam','Roper',1889,157);
INSERT INTO INVENTION VALUES('Balbon','Montgolfier',1783,52);
INSERT INTO INVENTION VALUES('Barometer','Torricelli',1643,74);
INSERT INTO INVENTION VALUES('Bicycle','Starley',1884,156);
INSERT INTO INVENTION VALUES('Bifocal Lens','Franklin',1780,157);
INSERT INTO INVENTION VALUES('Bottle Machine','Owens',1903,157);
INSERT INTO INVENTION VALUES('Braille Printing','Braille',1829,52);
INSERT INTO INVENTION VALUES('Burner, Gas','Bunsen',1855,56);
INSERT INTO INVENTION VALUES('Calculating Machine','Babbage',1823,156);
INSERT INTO INVENTION VALUES('Camera, Kodak','Eastman, Walker',1888,157);
INSERT INTO INVENTION VALUES('Camera, Polaroid Land','Land',1948,157);
INSERT INTO INVENTION VALUES('Carburetor, Gasoline','Daimler',1876,56);
INSERT INTO INVENTION VALUES('Cash Register','Ritty',1879,157);
INSERT INTO INVENTION VALUES('CathodeRayTube','Crookes',1878,156);
INSERT INTO INVENTION VALUES('Cellophane','Brandenberger',1911,143);
INSERT INTO INVENTION VALUES('Chronometer','Harrison',1735,156);
INSERT INTO INVENTION VALUES('Circuit Breaker','Hiliard',1925,157);
INSERT INTO INVENTION VALUES('Clock, Pendulum','Huygens',1657,106);
INSERT INTO INVENTION VALUES('Computer, Automatic Sequence','Aiken et al',1939,157);
INSERT INTO INVENTION VALUES('Condeser Microphone','Wente',1920,157);
INSERT INTO INVENTION VALUES('Coifon Gin','Whitney',1793,157);
INSERT INTO INVENTION VALUES('Cream Separator','DeLaval',1880,142);
INSERT INTO INVENTION VALUES('Cultivator, Disc','Mallon',1878,157);
INSERT INTO INVENTION VALUES('Diesel Engine','Diesel',1895,56);
INSERT INTO INVENTION VALUES('Dynamite','Nobel',1866,142);
INSERT INTO INVENTION VALUES('Electric Battery','Volta',1800,74);
INSERT INTO INVENTION VALUES('Electroencephalograph','Berger',1929,56);
INSERT INTO INVENTION VALUES('Electromagnet','Sturgeon',1824,156);
INSERT INTO INVENTION VALUES('Electroplating','Brugnatelli',1805,74);
INSERT INTO INVENTION VALUES('Electrostatic Generator','Van de Graaff',1929,157);
INSERT INTO INVENTION VALUES('Photoelectric Cell','Elster',1895,56);
INSERT INTO INVENTION VALUES('Photographic Paper','Baekeland',1898,157);
INSERT INTO INVENTION VALUES('Photography','Talbot',1835,156);
INSERT INTO INVENTION VALUES('Piano','Cristofon',1709,74);
INSERT INTO INVENTION VALUES('Piano, Player','Fourneaux',1863,52);
INSERT INTO INVENTION VALUES('Pm, Safety','Hunt',1849,157);
INSERT INTO INVENTION VALUES('Pistol (revolver)','Colt',1835,157);
INSERT INTO INVENTION VALUES('PIow, Cast Iron','Newbold',1797,157);
INSERT INTO INVENTION VALUES('Plow, Disc','Hardy',1896,157);
INSERT INTO INVENTION VALUES('Propeller, Screw','Stevens',1804,157);
INSERT INTO INVENTION VALUES('Punch Card Accounting','Hollerith',1884,157);
INSERT INTO INVENTION VALUES('Radar','Taylor  Young',1922,157);
INSERT INTO INVENTION VALUES('Radio Tube-Diode','Fleming',1905,156);
INSERT INTO INVENTION VALUES('Radio, Signals','Marconi',1895,74);
INSERT INTO INVENTION VALUES('Razor, Electric','Schick',1931,157);
INSERT INTO INVENTION VALUES('Razor, Safety','Gillette',1895,157);
INSERT INTO INVENTION VALUES('Reaper','McCormick',1834,157);
INSERT INTO INVENTION VALUES('Record, Cylinder','Bell, Tainter',1887,157);
INSERT INTO INVENTION VALUES('Record, Disc','Berliner',1887,157);
INSERT INTO INVENTION VALUES('Record, Long Playing','Goldmark',1948,157);
INSERT INTO INVENTION VALUES('Record, Wax Cylinder','Edison',1888,157);
INSERT INTO INVENTION VALUES('Rocket Engine','Goddard',1929,157);
INSERT INTO INVENTION VALUES('Rubber, Vulcanized','Goodyear',1839,157);
INSERT INTO INVENTION VALUES('Sewing Machine','Howe',1846,157);
INSERT INTO INVENTION VALUES('Shrapnel Shell','Shrapnel',1784,156);
INSERT INTO INVENTION VALUES('Sleeping-Car','Pullman',1858,157);
INSERT INTO INVENTION VALUES('Sude Rule','Oughtred',1620,156);
INSERT INTO INVENTION VALUES('Spinning Jenny','Hargreaves',1767,156);
INSERT INTO INVENTION VALUES('Steamboat, Practica','Symington',1802,156);
INSERT INTO INVENTION VALUES('Steam Turbine','Parsons',1884,156);
INSERT INTO INVENTION VALUES('Steel','Bessemer',1856,156);
INSERT INTO INVENTION VALUES('Steel, Stainless','Brearley',1916,156);
INSERT INTO INVENTION VALUES('Stethoscope','Laennec',1819,157);
INSERT INTO INVENTION VALUES('Stock Ticker','Edison',1870,157);
INSERT INTO INVENTION VALUES('Stove, Electric','Hadaway',1896,157);
INSERT INTO INVENTION VALUES('Submarine','Holland',1891,157);
INSERT INTO INVENTION VALUES('Tank, Military','Swinton',1914,156);
INSERT INTO INVENTION VALUES('Tape recorder, Magnetic','Poulsen',1899,41);
INSERT INTO INVENTION VALUES('Telegraph, Magnetic','Morse',1837,157);
INSERT INTO INVENTION VALUES('Telegraph, Wireless','Marconi',1896,74);
INSERT INTO INVENTION VALUES('Telephone','Bell',1876,157);
INSERT INTO INVENTION VALUES('Telescope','Galileo',1609,74);
INSERT INTO INVENTION VALUES('Telescope, Astronomical','Kepler',1611,56);
INSERT INTO INVENTION VALUES('Teletype','Morkrum, Kleinschmi',1928,157);
INSERT INTO INVENTION VALUES('Television, Electronic','Farnsworth',1927,157);
INSERT INTO INVENTION VALUES('Thermometer','Galileo',1593,74);
INSERT INTO INVENTION VALUES('Thermometer, Mercury','Fahrenheit',1714,56);
INSERT INTO INVENTION VALUES('Tire, Pneumatic','Dunlop',1888,156);
INSERT INTO INVENTION VALUES('Toaster, Automatic','Strite',1918,157);
INSERT INTO INVENTION VALUES('Transistor','Shockley, Brattain',1947,157);
INSERT INTO INVENTION VALUES('Turbine, Gas','Curtis, C.G',1899,157);
INSERT INTO INVENTION VALUES('Turbine, Hydraulic','Francis',1849,157);
INSERT INTO INVENTION VALUES('Turbine, Steam','Cunis, C.G.',1896,157);
INSERT INTO INVENTION VALUES('Type,Movable','Gutenberg',1450,56);
INSERT INTO INVENTION VALUES('Typewriter','Soule, Glidden',1868,157);
INSERT INTO INVENTION VALUES('Vacuum Cleaner, Electric','Spangler',1907,157);
INSERT INTO INVENTION VALUES('Washer, Electric','Hurley Co.',1907,157);
INSERT INTO INVENTION VALUES('Welding, Electric','Thomson',1877,157);
INSERT INTO INVENTION VALUES('Wind Tunnel','Munk',1923,157);
INSERT INTO INVENTION VALUES('Wire, Barbed','Glidden',1874,157);
INSERT INTO INVENTION VALUES('Zipper','Judson',1891,157);
INSERT INTO INVENTION VALUES('Antiseptic Surgery','Lister',1867,156);
INSERT INTO INVENTION VALUES('Aspirin','Dresser',1889,56);
INSERT INTO INVENTION VALUES('Atomic Theory','Dalton',1803,156);
INSERT INTO INVENTION VALUES('Bacteria (described)','Leeuwenhoek',1676,106);
INSERT INTO INVENTION VALUES('Blood, Circulation','Harvey',1628,156);
INSERT INTO INVENTION VALUES('Calculus','Newton',1670,156);
INSERT INTO INVENTION VALUES('Canning (food)','Appert',1804,52);
INSERT INTO INVENTION VALUES('Combustion Explained','Lavoisier',1777,52);
INSERT INTO INVENTION VALUES('Conditioned Reflex','Pavlov',1914,154);
INSERT INTO INVENTION VALUES('Cortisone','Kendall',1936,157);
INSERT INTO INVENTION VALUES('Cosmic Rays','Gockel',1910,143);
INSERT INTO INVENTION VALUES('Cyclotron','Lawrence',1930,157);
INSERT INTO INVENTION VALUES('DDT','Zeider',1874,56);
INSERT INTO INVENTION VALUES('DNA (structure)','Crick, Watson',1951,156);
INSERT INTO INVENTION VALUES('Electric Resistance (law)','Ohm',1827,56);
INSERT INTO INVENTION VALUES('Electric Waves','Hertz',1888,56);
INSERT INTO INVENTION VALUES('Electroiysis','Faraday',1852,156);
INSERT INTO INVENTION VALUES('Electromagnetism','Oersted',1819,41);
INSERT INTO INVENTION VALUES('Electron','Thompson, J.',1897,156);
INSERT INTO INVENTION VALUES('Evolution, Natural','Darwin',1858,156);
INSERT INTO INVENTION VALUES('Falling Bodies, Law','Galileo',1590,74);
INSERT INTO INVENTION VALUES('Geometry, Analytic','Descartes',1619,52);
INSERT INTO INVENTION VALUES('Gravitation, Law','Newton',1687,156);
INSERT INTO INVENTION VALUES('Holograph','Gabor',1948,156);
INSERT INTO INVENTION VALUES('Human HeartTransplant','Barnard',1967,136);
INSERT INTO INVENTION VALUES('Induction, Electric','Henry',1830,157);
INSERT INTO INVENTION VALUES('Intelligence Testing','Binet, Simon',1905,52);
INSERT INTO INVENTION VALUES('Laser','Townes, Schawlow',1958,157);
INSERT INTO INVENTION VALUES('Light, Velocity','Roemer',1675,41);
INSERT INTO INVENTION VALUES('Mercator Projection (map)','Mercator (Kremer)',1568,14);
INSERT INTO INVENTION VALUES('Molecular Hypothesis','Avogadro',1811,74);
INSERT INTO INVENTION VALUES('Motion, Laws Of','Newton',1687,156);
INSERT INTO INVENTION VALUES('Neutron','Chadwick',1932,156);
INSERT INTO INVENTION VALUES('Nitroglycerin','Sobrero',1846,74);
INSERT INTO INVENTION VALUES('Oxygen','Priestley',1774,156);
INSERT INTO INVENTION VALUES('Penicillin','Fleming',1929,156);
INSERT INTO INVENTION VALUES('Periodic Law, Elements Table','Mendeleyev',1869,154);
INSERT INTO INVENTION VALUES('Planetary Motion, Laws','Kepler',1609,56);
INSERT INTO INVENTION VALUES('Positron','Anderson',1932,157);
INSERT INTO INVENTION VALUES('1Proton','Rutherford',1919,107);
INSERT INTO INVENTION VALUES('Psychoanalysis','Freud',1900,9);
INSERT INTO INVENTION VALUES('Quasars','Matthews, Sandage',1963,157);
INSERT INTO INVENTION VALUES('Radioactivity','Becquerel',1896,52);
INSERT INTO INVENTION VALUES('Relativity Theory','Einstein',1905,56);
INSERT INTO INVENTION VALUES('Silicon','Berzelius',1823,142);
INSERT INTO INVENTION VALUES('Vaccine, Polio','Salk',1953,157);
INSERT INTO INVENTION VALUES('Vaccine, Polio, Oral','Sabin',1955,157);
INSERT INTO INVENTION VALUES('Vaccine, Rabies','Pasteur',1885,52);
INSERT INTO INVENTION VALUES('Vaccine, Smallpox','Jenner',1796,156);
INSERT INTO INVENTION VALUES('Vaccine, Typhus','Nicolle',1909,52);
INSERT INTO INVENTION VALUES('Xerography','Carson',1938,157);
INSERT INTO INVENTION VALUES('X-Ray','Roentgen',1895,56);
INSERT INTO INVENTION VALUES('Oracle DBMS','Ellison',1979,157);


CREATE TABLE BORDER(
	NATION_CODE     		INT(4),
	BORDER_CODE			INT(4),
	NORTH				VARCHAR(1),
	SOUTH				VARCHAR(1),
	EAST				VARCHAR(1),
	WEST				VARCHAR(1),
	CONSTRAINT BORDER_BORDER_CODE_PK PRIMARY KEY(BORDER_CODE),
        CONSTRAINT BORDER_NATION_CODE_FK FOREIGN KEY(NATION_CODE)
	REFERENCES NATION(CODE));

INSERT INTO BORDER VALUES(1,113,NULL,'x','x',NULL);
INSERT INTO BORDER VALUES(1,70,NULL,NULL,NULL,'x');
INSERT INTO BORDER VALUES(1,154,'x',NULL,NULL,NULL);
INSERT INTO BORDER VALUES(1,32,'x',NULL,'x',NULL);
INSERT INTO BORDER VALUES(2,58,NULL,'x',NULL,NULL);
INSERT INTO BORDER VALUES(2,166,'x',NULL,'x',NULL);
INSERT INTO BORDER VALUES(3,102,NULL,NULL,NULL,'x');
INSERT INTO BORDER VALUES(3,97,NULL,'x',NULL,NULL);
INSERT INTO BORDER VALUES(3,95,NULL,'x',NULL,NULL);
INSERT INTO BORDER VALUES(3,109,NULL,'x',NULL,NULL);
INSERT INTO BORDER VALUES(3,8,NULL,'x',NULL,NULL);
INSERT INTO BORDER VALUES(3,150,NULL,NULL,'x',NULL);
INSERT INTO BORDER VALUES(4,137,NULL,'x',NULL,NULL);
INSERT INTO BORDER VALUES(4,52,'x',NULL,NULL,NULL);
INSERT INTO BORDER VALUES(5,168,NULL,NULL,'x',NULL);
INSERT INTO BORDER VALUES(5,167,'x',NULL,NULL,NULL);
INSERT INTO BORDER VALUES(7,31,NULL,NULL,NULL,'x');
INSERT INTO BORDER VALUES(7,18,'x',NULL,NULL,NULL);
INSERT INTO BORDER VALUES(7,116,'x',NULL,NULL,NULL);
INSERT INTO BORDER VALUES(7,20,'x',NULL,'x',NULL);
INSERT INTO BORDER VALUES(7,159,'x',NULL,'x',NULL);
INSERT INTO BORDER VALUES(9,143,NULL,NULL,NULL,'x');
INSERT INTO BORDER VALUES(9,89,NULL,NULL,NULL,'x');
INSERT INTO BORDER VALUES(9,56,'x',NULL,NULL,NULL);
INSERT INTO BORDER VALUES(9,40,'x',NULL,NULL,NULL);
INSERT INTO BORDER VALUES(9,66,'x',NULL,NULL,NULL);
INSERT INTO BORDER VALUES(9,74,'x',NULL,NULL,NULL);
INSERT INTO BORDER VALUES(12,68,'x',NULL,'x','x');
INSERT INTO BORDER VALUES(12,23,NULL,'x','x',NULL);
INSERT INTO BORDER VALUES(14,90,NULL,'x','x',NULL);
INSERT INTO BORDER VALUES(14,106,'x',NULL,NULL,NULL);
INSERT INTO BORDER VALUES(15,99,'x',NULL,NULL,NULL);
INSERT INTO BORDER VALUES(15,60,NULL,'x',NULL,'x');
INSERT INTO BORDER VALUES(16,147,NULL,NULL,NULL,'x');
INSERT INTO BORDER VALUES(16,158,'x',NULL,NULL,NULL);
INSERT INTO BORDER VALUES(16,110,NULL,NULL,'x',NULL);
INSERT INTO BORDER VALUES(18,117,NULL,NULL,NULL,'x');
INSERT INTO BORDER VALUES(18,7,NULL,'x',NULL,NULL);
INSERT INTO BORDER VALUES(19,136,'x','x',NULL,'x');
INSERT INTO BORDER VALUES(19,169,'x',NULL,'x',NULL);
INSERT INTO BORDER VALUES(20,53,'x',NULL,NULL,NULL);
INSERT INTO BORDER VALUES(20,140,'x',NULL,NULL,NULL);
INSERT INTO BORDER VALUES(20,161,'x',NULL,NULL,NULL);
INSERT INTO BORDER VALUES(20,34,NULL,NULL,NULL,'x');
INSERT INTO BORDER VALUES(21,93,NULL,'x',NULL,NULL);
INSERT INTO BORDER VALUES(22,122,'x',NULL,NULL,NULL);
INSERT INTO BORDER VALUES(22,151,NULL,'x',NULL,NULL);
INSERT INTO BORDER VALUES(23,12,NULL,NULL,NULL,'x');
INSERT INTO BORDER VALUES(23,84,NULL,NULL,'x',NULL);
INSERT INTO BORDER VALUES(23,146,NULL,NULL,'x',NULL);
INSERT INTO BORDER VALUES(24,123,'x',NULL,NULL,NULL);
INSERT INTO BORDER VALUES(24,145,NULL,NULL,'x',NULL);
INSERT INTO BORDER VALUES(25,162,NULL,NULL,'x',NULL);
INSERT INTO BORDER VALUES(26,30,NULL,NULL,'x',NULL);
INSERT INTO BORDER VALUES(26,29,NULL,NULL,'x',NULL);
INSERT INTO BORDER VALUES(26,36,NULL,'x',NULL,NULL);
INSERT INTO BORDER VALUES(26,48,NULL,'x',NULL,NULL);
INSERT INTO BORDER VALUES(27,157,NULL,'x',NULL,'x');
INSERT INTO BORDER VALUES(29,26,NULL,NULL,NULL,'x');
INSERT INTO BORDER VALUES(29,139,NULL,NULL,'x',NULL);
INSERT INTO BORDER VALUES(32,101,'x',NULL,NULL,NULL);
INSERT INTO BORDER VALUES(32,1,NULL,NULL,NULL,'x');
INSERT INTO BORDER VALUES(32,105,NULL,'x',NULL,NULL);
INSERT INTO BORDER VALUES(32,17,NULL,'x',NULL,NULL);
INSERT INTO BORDER VALUES(32,81,'x',NULL,NULL,'x');
INSERT INTO BORDER VALUES(34,114,'x',NULL,NULL,'x');
INSERT INTO BORDER VALUES(34,45,NULL,'x',NULL,NULL);
INSERT INTO BORDER VALUES(36,5,NULL,'x',NULL,'x');
INSERT INTO BORDER VALUES(37,108,'x',NULL,NULL,NULL);
INSERT INTO BORDER VALUES(40,55,'x',NULL,NULL,'x');
INSERT INTO BORDER VALUES(40,119,'x',NULL,NULL,'x');
INSERT INTO BORDER VALUES(40,9,NULL,'x',NULL,NULL);
INSERT INTO BORDER VALUES(41,111,'x',NULL,NULL,'x');
INSERT INTO BORDER VALUES(41,142,'x',NULL,'x',NULL);
INSERT INTO BORDER VALUES(42,49,'x',NULL,NULL,'x');
INSERT INTO BORDER VALUES(46,73,NULL,NULL,'x',NULL);
INSERT INTO BORDER VALUES(47,65,'x',NULL,NULL,NULL);
INSERT INTO BORDER VALUES(49,79,NULL,'x',NULL,NULL);
INSERT INTO BORDER VALUES(52,14,'x',NULL,NULL,NULL);
INSERT INTO BORDER VALUES(54,130,'x','x','x',NULL);
INSERT INTO BORDER VALUES(56,41,'x',NULL,NULL,NULL);
INSERT INTO BORDER VALUES(57,75,NULL,NULL,NULL,'x');
INSERT INTO BORDER VALUES(58,2,'x',NULL,NULL,NULL);
INSERT INTO BORDER VALUES(58,22,'x',NULL,NULL,NULL);
INSERT INTO BORDER VALUES(60,47,NULL,'x',NULL,NULL);
INSERT INTO BORDER VALUES(60,15,NULL,NULL,'x',NULL);
INSERT INTO BORDER VALUES(61,62,'x',NULL,NULL,NULL);
INSERT INTO BORDER VALUES(61,87,NULL,'x',NULL,NULL);
INSERT INTO BORDER VALUES(62,61,NULL,'x','x',NULL);
INSERT INTO BORDER VALUES(66,186,NULL,'x',NULL,NULL);
INSERT INTO BORDER VALUES(70,71,NULL,NULL,NULL,'x');
INSERT INTO BORDER VALUES(71,78,NULL,NULL,NULL,'x');
INSERT INTO BORDER VALUES(71,144,NULL,NULL,NULL,'x');
INSERT INTO BORDER VALUES(71,83,NULL,'x',NULL,NULL);
INSERT INTO BORDER VALUES(72,156,'x',NULL,NULL,NULL);
INSERT INTO BORDER VALUES(73,85,'x',NULL,NULL,NULL);
INSERT INTO BORDER VALUES(73,46,NULL,NULL,NULL,NULL);
INSERT INTO BORDER VALUES(75,57,NULL,NULL,'x',NULL);
INSERT INTO BORDER VALUES(79,153,NULL,NULL,NULL,'x');
INSERT INTO BORDER VALUES(79,135,NULL,NULL,'x',NULL);
INSERT INTO BORDER VALUES(81,82,NULL,'x',NULL,NULL);
INSERT INTO BORDER VALUES(84,25,NULL,'x',NULL,NULL);
INSERT INTO BORDER VALUES(87,132,NULL,NULL,NULL,'x');
INSERT INTO BORDER VALUES(88,3,NULL,NULL,NULL,'x');
INSERT INTO BORDER VALUES(135,42,NULL,NULL,NULL,'x');
INSERT INTO BORDER VALUES(136,19,'x',NULL,NULL,NULL);
INSERT INTO BORDER VALUES(136,103,NULL,NULL,'x',NULL);
INSERT INTO BORDER VALUES(136,141,NULL,NULL,'x',NULL);
INSERT INTO BORDER VALUES(137,120,NULL,NULL,NULL,'x');
INSERT INTO BORDER VALUES(140,63,NULL,NULL,NULL,'x');
INSERT INTO BORDER VALUES(142,51,NULL,NULL,'x',NULL);
INSERT INTO BORDER VALUES(145,24,NULL,NULL,NULL,'x');
INSERT INTO BORDER VALUES(145,92,NULL,'x',NULL,NULL);
INSERT INTO BORDER VALUES(147,16,NULL,NULL,'x',NULL);
INSERT INTO BORDER VALUES(155,121,'x',NULL,NULL,NULL);
INSERT INTO BORDER VALUES(155,112,NULL,NULL,'x',NULL);
INSERT INTO BORDER VALUES(156,72,NULL,NULL,NULL,'x');
INSERT INTO BORDER VALUES(157,27,'x',NULL,NULL,NULL);
INSERT INTO BORDER VALUES(164,165,NULL,'x',NULL,NULL);
INSERT INTO BORDER VALUES(165,164,NULL,NULL,NULL,'x');
INSERT INTO BORDER VALUES(93,69,NULL,'x',NULL,NULL);
INSERT INTO BORDER VALUES(108,37,NULL,'x',NULL,NULL);
INSERT INTO BORDER VALUES(112,155,NULL,NULL,NULL,'x');
