CREATE TABLE PRODUCT
( PRODID     INT(6),
  DESCRIP    VARCHAR(30),
  CONSTRAINT PRODUCT_PRODID_PK PRIMARY KEY(PRODID));

INSERT INTO PRODUCT VALUES(100860,'ACE TENNIS RACKET I');
INSERT INTO PRODUCT VALUES(100861,'ACE TENNIS RACKET II');
INSERT INTO PRODUCT VALUES(100870,'ACE TENNIS BALLS-3 PACK');
INSERT INTO PRODUCT VALUES(100871,'ACE TENNIS BALLS-6 PACK');
INSERT INTO PRODUCT VALUES(100890,'ACE TENNIS NET');
INSERT INTO PRODUCT VALUES(101860,'SP TENNIS RACKET');
INSERT INTO PRODUCT VALUES(101863,'SP JUNIOR RACKET');
INSERT INTO PRODUCT VALUES(102130,'RH: "GUIDE TO TENNIS"');
INSERT INTO PRODUCT VALUES(200376,'SB ENERGY BAR-6 PACK');
INSERT INTO PRODUCT VALUES(200380,'SB VITA SNACK-6 PACK');

CREATE TABLE CUSTOMER
(CUSTID             INT(6),
 NAME               VARCHAR(45),
 ADDRESS            VARCHAR(40),
 CITY               VARCHAR(30),
 STATE              VARCHAR(2),
 ZIP                VARCHAR(9),
 AREA               INT(3),
 PHONE              VARCHAR(9),
 REPID              INT(4)  NOT NULL,
 CREDITLIMIT        DEC(9,2),
 COMMENTS           LONG,
	CONSTRAINT CUSTOMER_CUSTID_PK PRIMARY KEY(CUSTID));

INSERT INTO CUSTOMER VALUES(100,'JOCKSPORTS','345 VIEWRIDGE','BELMONT','CA','96711',415,'598-6609',7844,5000,'Very friendly people to work with -- sales rep likes to be called Mike.');
INSERT INTO CUSTOMER VALUES(101,'TKB SPORT SHOP','490 BOLI RD.','REDWOOD CITY','CA','94061',415,'368-1223',7521,10000,'Rep called 5/8 about change in order - contact shipping.');
INSERT INTO CUSTOMER VALUES(102,'VOLLYRITE','9722 HAMILTON','BURLINGAME','CA','95133',415,'644-3341',7654,7000,'Company doing heavy promotion beginning 10/89. Prepare for large orders during');
INSERT INTO CUSTOMER VALUES(103,'JUST TENNIS','HILLVIEW MALL','BURLINGAME','CA','97544',415,'677-9312',7521,3000,'Contact rep about new line of tennis rackets.');
INSERT INTO CUSTOMER VALUES(104,'EVERY MOUNTAIN','574 SURRY RD.','CUPERTINO','CA','93301',408,'996-2323',7499,10000,'Customer with high market share (23%) due to aggressive advertising.');
INSERT INTO CUSTOMER VALUES(105,'K + T SPORTS','3476 EL PASEO','SANTA CLARA','CA','91003',408,'376-9966',7844,5000,'Tends to order large amounts of merchandise at once. Accounting is considering');
INSERT INTO CUSTOMER VALUES(106,'SHAPE UP','908 SEQUOIA','PALO ALTO','CA','94301',415,'364-9777',7521,6000,'Support intensive. Orders small amounts (< 800) of merchandise at a time.');
INSERT INTO CUSTOMER VALUES(107,'WOMENS SPORTS','VALCO VILLAGE','SUNNYVALE','CA','93301',408,'967-4398',7499,10000,'First sporting goods store geared exclusively towards women. Unusual promotioa');
INSERT INTO CUSTOMER VALUES(108,'NORTH WOODS HEALTH AND FITNESS SUPPLY CENTER','VALCO VILLAGE','HIBBING','MN','55649',612,'566-9123',7844,8000,null);


CREATE TABLE ORD
(ORDID                           INT(4),
 ORDERDATE                       DATE,
 COMMPLAN                        VARCHAR(1),
 CUSTID                          INT(6),
 SHIPDATE                        DATE   NOT NULL,
 TOTAL                           DEC(8,2),
	CONSTRAINT ORD_ORDID_PK PRIMARY KEY(ORDID),
        CONSTRAINT ORD_CUSTID_FK FOREIGN KEY(CUSTID)
	REFERENCES CUSTOMER(CUSTID));


INSERT INTO ORD VALUES(610,'2016-07-01','A',101,'2016-08-01',101.4);
INSERT INTO ORD VALUES(611,'2016-11-01','B',102,'2016-11-01',45);
INSERT INTO ORD VALUES(612,'2016-01-15','C',104,'2016-01-20',5860);
INSERT INTO ORD VALUES(601,'2015-01-05','A',106,'2015-05-20',2.4);
INSERT INTO ORD VALUES(602,'2015-05-06','B',102,'2015-06-20',56);
INSERT INTO ORD VALUES(604,'2015-06-15','A',106,'2015-06-30',698);
INSERT INTO ORD VALUES(605,'2015-07-14','A',106,'2015-07-30',8324);
INSERT INTO ORD VALUES(606,'2015-07-14','A',100,'2015-07-30',3.4);
INSERT INTO ORD VALUES(609,'2015-01-08','B',100,'2015-08-15',97.5);
INSERT INTO ORD VALUES(607,'2015-07-18','C',104,'2015-07-18',5.6);
INSERT INTO ORD VALUES(608,'2015-07-25','C',104,'2015-07-25',35.2);
INSERT INTO ORD VALUES(603,'2015-05-06',NULL,102,'2015-05-06',224);
INSERT INTO ORD VALUES(620,'2016-12-03',NULL,100,'2016-12-03',4450);
INSERT INTO ORD VALUES(613,'2016-01-02',NULL,108,'2016-01-02',6400);
INSERT INTO ORD VALUES(614,'2016-01-02',NULL,102,'2016-05-02',23940);
INSERT INTO ORD VALUES(616,'2016-03-02',NULL,103,'2016-10-02',764);
INSERT INTO ORD VALUES(619,'2016-02-22',NULL,104,'2016-04-02',1260);
INSERT INTO ORD VALUES(617,'2016-05-02',NULL,105,'2016-03-03',46370);
INSERT INTO ORD VALUES(615,'2016-01-02',NULL,107,'2016-06-02',710);
INSERT INTO ORD VALUES(618,'2016-02-15','A',102,'2016-06-03',3510.5);
INSERT INTO ORD VALUES(621,'2016-03-15','A',100,'2016-01-01',730);



create table ITEM
(ORDID           		 INT(4),
 ITEMID                          INT(4),
 PRODID                          INT(6),
 ACTUALPRICE                     DEC(8,2),
 QTY                             INT(8),
 ITEMTOT                         DEC(8,2),
	CONSTRAINT ITEM_ITEMID_ORDID_PK PRIMARY KEY(ITEMID,ORDID),
        CONSTRAINT ITEM_PRODID_FK FOREIGN KEY(PRODID)
	REFERENCES PRODUCT(PRODID),
	CONSTRAINT ITEM_ORDID_FK FOREIGN KEY(ORDID)
	REFERENCES ORD(ORDID));


INSERT INTO ITEM VALUES(610,3,100890,58,1,58);
INSERT INTO ITEM VALUES(611,1,100861,45,1,45);
INSERT INTO ITEM VALUES(612,1,100860,30,100,3000);
INSERT INTO ITEM VALUES(601,1,200376,2.4,1,2.4);
INSERT INTO ITEM VALUES(602,1,100870,2.8,20,56);
INSERT INTO ITEM VALUES(604,1,100890,58,3,174);
INSERT INTO ITEM VALUES(604,2,100861,42,2,84);
INSERT INTO ITEM VALUES(604,3,100860,44,10,44);
INSERT INTO ITEM VALUES(603,2,100860,56,4,224);
INSERT INTO ITEM VALUES(610,1,100860,35,1,35);
INSERT INTO ITEM VALUES(610,2,100870,2.8,3,8.4);
INSERT INTO ITEM VALUES(613,4,200376,2.2,200,440);
INSERT INTO ITEM VALUES(614,1,100860,35,444,15540);
INSERT INTO ITEM VALUES(614,2,100870,2.8,1000,2800);
INSERT INTO ITEM VALUES(612,2,100861,40.5,20,810);
INSERT INTO ITEM VALUES(612,3,101863,10,150,1500);
INSERT INTO ITEM VALUES(620,1,100860,35,10,350);
INSERT INTO ITEM VALUES(620,2,200376,2.4,1000,2400);
INSERT INTO ITEM VALUES(620,3,102130,3.4,500,1700);
INSERT INTO ITEM VALUES(613,1,100871,5.6,100,560);
INSERT INTO ITEM VALUES(613,2,101860,24,200,4800);
INSERT INTO ITEM VALUES(613,3,200380,4,150,600);
INSERT INTO ITEM VALUES(619,3,102130,3.4,100,340);
INSERT INTO ITEM VALUES(617,1,100860,35,50,1750);
INSERT INTO ITEM VALUES(617,2,100861,45,100,4500);
INSERT INTO ITEM VALUES(616,1,100861,45,10,450);
INSERT INTO ITEM VALUES(616,2,100870,2.8,50,140);
INSERT INTO ITEM VALUES(616,3,100890,58,2,116);
INSERT INTO ITEM VALUES(616,4,102130,3.4,10,34);
INSERT INTO ITEM VALUES(616,5,200376,2.4,10,24);
INSERT INTO ITEM VALUES(619,1,200380,4,100,400);
INSERT INTO ITEM VALUES(619,2,200376,2.4,100,240);
INSERT INTO ITEM VALUES(615,1,100861,45,4,180);
INSERT INTO ITEM VALUES(607,1,100871,5.6,1,5.6);
INSERT INTO ITEM VALUES(615,2,100870,2.8,100,280);
INSERT INTO ITEM VALUES(617,3,100870,2.8,500,1400);
INSERT INTO ITEM VALUES(617,4,100871,5.6,500,2800);
INSERT INTO ITEM VALUES(617,5,100890,58,500,29000);
INSERT INTO ITEM VALUES(617,6,101860,24,100,2400);
INSERT INTO ITEM VALUES(617,7,101863,12.5,200,2500);
INSERT INTO ITEM VALUES(617,8,102130,3.4,100,340);
INSERT INTO ITEM VALUES(617,9,200376,2.4,200,480);
INSERT INTO ITEM VALUES(617,10,200380,4,300,1200);
INSERT INTO ITEM VALUES(609,2,100870,2.5,5,12.5);
INSERT INTO ITEM VALUES(609,3,100890,50,1,50);
INSERT INTO ITEM VALUES(618,1,100860,35,23,805);
INSERT INTO ITEM VALUES(618,2,100861,45.11,50,2255.5);
INSERT INTO ITEM VALUES(618,3,100870,45,10,450);
INSERT INTO ITEM VALUES(621,1,100861,45,10,450);
INSERT INTO ITEM VALUES(621,2,100870,2.8,100,280);
INSERT INTO ITEM VALUES(615,3,100871,5,50,250);
INSERT INTO ITEM VALUES(608,1,101860,24,1,24);
INSERT INTO ITEM VALUES(608,2,100871,5.6,2,11.2);
INSERT INTO ITEM VALUES(606,1,102130,3.4,1,3.4);
INSERT INTO ITEM VALUES(605,1,100861,45,100,4500);
INSERT INTO ITEM VALUES(605,2,100870,2.8,500,1400);
INSERT INTO ITEM VALUES(605,3,100890,58,5,290);
INSERT INTO ITEM VALUES(605,4,101860,24,50,1200);
INSERT INTO ITEM VALUES(605,5,101863,9,100,900);
INSERT INTO ITEM VALUES(605,6,102130,3.4,10,34);
INSERT INTO ITEM VALUES(612,4,100871,5.5,100,550);
INSERT INTO ITEM VALUES(619,4,100871,5.6,50,280);

